library,target,variant_class,D5338.3_AUC,sd_D5338.3_AUC,n_bc_D5338.3_AUC,D6391.3_AUC,sd_D6391.3_AUC,n_bc_D6391.3_AUC,D6404.3_AUC,sd_D6404.3_AUC,n_bc_D6404.3_AUC,D5733.3_AUC,sd_D5733.3_AUC,n_bc_D5733.3_AUC,D6343.3_AUC,sd_D6343.3_AUC,n_bc_D6343.3_AUC,D6271.3_AUC,sd_D6271.3_AUC,n_bc_D6271.3_AUC,D5220.3_AUC,sd_D5220.3_AUC,n_bc_D5220.3_AUC,D5417.3_AUC,sd_D5417.3_AUC,n_bc_D5417.3_AUC,D5379.3_AUC,sd_D5379.3_AUC,n_bc_D5379.3_AUC,D5338.4_AUC,sd_D5338.4_AUC,n_bc_D5338.4_AUC,D6391.4_AUC,sd_D6391.4_AUC,n_bc_D6391.4_AUC,D6404.4_AUC,sd_D6404.4_AUC,n_bc_D6404.4_AUC,D5733.4_AUC,sd_D5733.4_AUC,n_bc_D5733.4_AUC,D6343.4_AUC,sd_D6343.4_AUC,n_bc_D6343.4_AUC,D6271.4_AUC,sd_D6271.4_AUC,n_bc_D6271.4_AUC,D5220.4_AUC,sd_D5220.4_AUC,n_bc_D5220.4_AUC,D5417.4_AUC,sd_D5417.4_AUC,n_bc_D5417.4_AUC,D5379.4_AUC,sd_D5379.4_AUC,n_bc_D5379.4_AUC,expr,delta_expr,D5338.3_normAUC,D6391.3_normAUC,D6404.3_normAUC,D5733.3_normAUC,D6343.3_normAUC,D6271.3_normAUC,D5220.3_normAUC,D5417.3_normAUC,D5379.3_normAUC,D5338.4_normAUC,D6391.4_normAUC,D6404.4_normAUC,D5733.4_normAUC,D6343.4_normAUC,D6271.4_normAUC,D5220.4_normAUC,D5417.4_normAUC,D5379.4_normAUC,mean_WH1mono_dose3_AUC,mean_WH1mono_dose4_AUC,mean_tri_dose3_AUC,mean_tri_dose4_AUC,mean_tetra_dose3_AUC,mean_tetra_dose4_AUC
pool1,AncSarbecovirus_MAP,wildtype,2.17882,0.33259,220,4.69804,0.22918,209,3.50072,0.29555,220,2.87454,0.33299,226,3.25174,0.31817,228,4.06471,0.25645,228,2.61224,0.29049,228,2.15667,0.29864,218,3.53592,0.25801,230,3.68167,0.32625,208,4.71904,0.26636,214,4.1445,0.30185,215,4.94772,0.2338,216,4.60443,0.27812,206,4.88728,0.20054,216,4.90191,0.2516,216,5.29144,0.26776,221,5.66577,0.21682,203,10.0621,-0.09135,2.22326,4.73978,3.54942,2.935,3.31006,4.10939,2.66066,2.21505,3.57685,3.72462,4.76446,4.18439,4.98527,4.6432,4.92581,4.94207,5.33431,5.6967,3.45919,4.18173,3.397,4.81315,2.76827,5.28637
pool1,AncSarbecovirus_alt,wildtype,2.1386,0.27081,102,4.60728,0.23677,106,3.45103,0.3007,100,2.78962,0.34682,102,3.2128,0.32463,102,3.97259,0.27354,111,2.25027,0.26533,113,2.15744,0.3014,111,3.39744,0.29785,107,3.68976,0.28793,101,4.69485,0.25997,100,4.0705,0.32015,99,4.59664,0.27922,97,4.301,0.31103,100,4.77764,0.23063,100,4.59741,0.27862,97,4.93123,0.21695,108,4.7815,0.27491,98,10.161,0.00755,2.13492,4.60383,3.44701,2.78462,3.20798,3.9689,2.24627,2.15261,3.39406,3.68621,4.69109,4.0672,4.59354,4.2978,4.77446,4.5941,4.92768,4.77894,3.39897,4.1517,3.32501,4.55843,2.60172,4.77005
pool1,AncSarbecovirus_alt1_ins117ins118,wildtype,2.16349,0.30266,125,4.70733,0.25397,126,3.54899,0.28329,127,2.90127,0.30597,128,3.25704,0.33691,125,4.06666,0.24591,125,2.64924,0.28923,127,2.09804,0.33301,130,3.47531,0.31919,131,3.7237,0.26262,121,4.74811,0.26595,126,4.19739,0.32837,129,4.92031,0.18691,121,4.65443,0.26713,124,4.9109,0.22678,121,4.87021,0.25106,121,5.29017,0.29532,127,5.64354,0.24364,128,10.1314,-0.02205,2.17422,4.71741,3.56074,2.91587,3.27112,4.07745,2.66092,2.11213,3.48519,3.73407,4.75907,4.20702,4.92938,4.66378,4.9202,4.8799,5.30052,5.65101,3.47327,4.22307,3.40832,4.82855,2.74086,5.26797
pool1,AncSarbecovirus_tree1,wildtype,2.1802,0.32485,258,4.63129,0.26818,255,3.48718,0.25008,263,2.84934,0.33994,263,3.24312,0.28674,262,4.02123,0.21972,262,2.58477,0.26508,265,2.06695,0.26322,254,3.54573,0.25794,268,3.70041,0.26061,252,4.69736,0.23847,263,4.11874,0.28102,248,4.94262,0.18669,255,4.65882,0.22686,249,4.88562,0.19591,251,4.88604,0.20602,253,5.25851,0.22165,257,5.66959,0.22521,257,10.0299,-0.12355,2.24031,4.68774,3.55305,2.93112,3.32199,4.08166,2.65026,2.14591,3.60109,3.7585,4.75879,4.1727,4.9934,4.71126,4.93773,4.94036,5.3165,5.71143,3.43289,4.17217,3.37123,4.82902,2.73248,5.27138
pool1,AncEurAf_alt,wildtype,2.19435,0.29381,244,4.69649,0.24336,231,3.5049,0.32908,244,2.92171,0.32329,245,3.286,0.32637,249,4.04788,0.24795,248,2.36396,0.27151,251,2.15877,0.28463,240,3.48704,0.29531,255,3.72174,0.26835,228,4.82827,0.26715,229,4.11811,0.27818,231,4.63845,0.27046,235,4.36338,0.30265,248,4.80985,0.22066,224,4.66335,0.28041,229,4.94542,0.19084,236,4.81918,0.22521,228,10.1942,0.04075,2.17453,4.67788,3.48317,2.89474,3.25999,4.02795,2.34236,2.13272,3.46877,3.70257,4.808,4.10031,4.62171,4.34609,4.79266,4.64544,4.9263,4.80538,3.46525,4.2227,3.41853,4.6039,2.66992,4.80932
pool1,AncEurAf_tree1,wildtype,2.21571,0.29166,223,4.69294,0.22714,217,3.58235,0.2829,228,2.87086,0.28314,224,3.31288,0.28175,228,4.07769,0.24164,226,2.64136,0.25053,228,2.17115,0.29474,221,3.57889,0.25504,229,3.7102,0.25963,218,4.76979,0.20175,220,4.19717,0.32592,219,4.98661,0.19154,216,4.69632,0.22656,212,4.94973,0.19729,220,4.9413,0.18796,216,5.33973,0.24354,221,5.73724,0.17985,208,10.151,-0.00245,2.2169,4.69406,3.58366,2.87248,3.31444,4.07889,2.64265,2.17272,3.57999,3.71135,4.77101,4.19824,4.98762,4.69736,4.95076,4.94238,5.34088,5.73807,3.497,4.22572,3.42047,4.87755,2.79713,5.33942
pool1,BM48-31,wildtype,2.37019,0.36645,164,4.54369,0.25382,170,2.28215,0.28924,172,2.5249,0.32892,180,2.4992,0.32234,179,3.696,0.28396,174,0.99184,0.36607,152,2.13786,0.36814,173,2.48695,0.32608,184,3.43431,0.33226,160,4.50415,0.28972,170,3.10008,0.3177,169,4.06453,0.25077,175,3.63635,0.30615,171,4.16313,0.29342,167,3.8774,0.27562,175,4.68409,0.24484,179,3.77428,0.33822,169,10.2394,0.08595,2.32838,4.50443,2.23632,2.46801,2.44434,3.65396,0.94629,2.08293,2.44844,3.39389,4.46142,3.06255,4.0292,3.59987,4.12688,3.83961,4.64375,3.74518,3.06534,3.67951,2.9067,3.95467,1.87222,4.11192
pool1,BB9904,wildtype,1.87893,0.33355,283,4.09234,0.2415,284,1.98681,0.31374,298,2.24051,0.26514,288,2.77544,0.31344,295,3.5894,0.26485,301,0.98757,0.30273,248,1.80007,0.3432,288,2.38198,0.29042,297,3.31614,0.31194,288,4.02088,0.26613,283,2.83715,0.34436,284,4.04981,0.25644,284,3.701,0.2696,286,4.24769,0.26422,282,3.79943,0.27823,285,4.70614,0.22005,284,3.8857,0.28683,277,NA,NA,NA,NA,NA,NA,NA,NA,NA,NA,NA,NA,NA,NA,NA,NA,NA,NA,NA,NA,2.65269,3.39139,2.86845,3.9995,1.7232,4.13042
pool1,BtKY72,wildtype,2.36316,0.29751,229,4.73621,0.20883,227,3.57553,0.26433,236,3.25258,0.27526,230,3.39631,0.2591,229,4.41513,0.24567,238,3.21263,0.28372,232,2.50495,0.2714,235,3.71855,0.22097,240,3.78697,0.25335,219,4.79553,0.21357,230,4.22462,0.28845,217,5.10009,0.22008,220,4.92812,0.18054,220,5.45215,0.23206,217,5.33704,0.23206,216,5.47872,0.27549,233,5.77506,0.18405,225,10.0994,-0.05405,2.38945,4.7609,3.60435,3.28836,3.43081,4.44157,3.24128,2.53949,3.74277,3.81238,4.82241,4.24822,5.1223,4.95106,5.47495,5.3608,5.50409,5.79336,3.5583,4.26904,3.68801,5.16012,3.14538,5.53027
pool1,PRD-0038,wildtype,2.49436,0.31578,287,4.79462,0.22677,288,3.57708,0.28967,295,3.22779,0.30369,300,3.42906,0.27229,298,4.29638,0.26224,300,2.94745,0.29693,295,2.48974,0.34129,301,3.6826,0.24239,301,3.83837,0.25424,285,4.84424,0.22718,286,4.26687,0.30979,286,5.01389,0.21537,291,4.88864,0.18188,279,5.38104,0.26395,288,5.18861,0.25152,271,5.43875,0.25174,286,5.6814,0.21881,287,NA,NA,NA,NA,NA,NA,NA,NA,NA,NA,NA,NA,NA,NA,NA,NA,NA,NA,NA,NA,3.62202,4.31649,3.65108,5.09452,3.03993,5.43625
pool1,PDF-2370,wildtype,2.48637,0.29399,185,4.76708,0.18463,184,3.58615,0.25708,183,3.28702,0.23751,188,3.39558,0.2499,188,4.41554,0.21292,184,3.13592,0.22422,190,2.51418,0.3068,189,3.73991,0.1911,190,3.82996,0.19524,179,4.83378,0.18993,183,4.20237,0.27325,186,5.08453,0.17174,182,4.93997,0.15267,182,5.43358,0.21285,184,5.27627,0.20161,181,5.47406,0.19804,186,5.74848,0.17219,185,NA,NA,NA,NA,NA,NA,NA,NA,NA,NA,NA,NA,NA,NA,NA,NA,NA,NA,NA,NA,3.6132,4.2887,3.69938,5.15269,3.13,5.4996
pool1,Khosta-1,wildtype,2.57163,0.33494,213,4.55565,0.24999,207,3.57933,0.26211,207,2.62843,0.30498,210,3.26535,0.2449,207,4.05275,0.2203,208,2.40749,0.26034,214,2.08651,0.27722,209,3.18098,0.29499,215,4.0428,0.2291,197,4.63026,0.23744,205,4.5752,0.26825,197,4.54615,0.2429,206,4.39681,0.24849,207,4.7698,0.19481,202,4.46744,0.2643,206,5.01195,0.19057,207,4.91929,0.20217,201,NA,NA,NA,NA,NA,NA,NA,NA,NA,NA,NA,NA,NA,NA,NA,NA,NA,NA,NA,NA,3.56887,4.41608,3.31551,4.57092,2.55833,4.79956
pool1,Khosta-2,wildtype,1.66724,0.26919,343,4.10904,0.18181,340,2.76038,0.25861,341,2.22632,0.21225,343,2.1185,0.20425,342,3.66092,0.19866,343,2.02732,0.20098,344,1.72683,0.26298,343,2.67366,0.23605,345,3.48839,0.24682,339,4.20939,0.22263,341,3.54223,0.23381,339,4.23157,0.20462,335,3.99945,0.17185,340,4.2564,0.20951,339,4.19507,0.21157,338,4.46347,0.21438,341,4.36432,0.21384,335,NA,NA,NA,NA,NA,NA,NA,NA,NA,NA,NA,NA,NA,NA,NA,NA,NA,NA,NA,NA,2.84555,3.74667,2.66858,4.16247,2.1426,4.34095
pool1,RhGB01,wildtype,2.47473,0.28049,321,4.24191,0.23453,317,2.21878,0.24789,322,1.42075,0.28393,316,3.40805,0.2717,326,3.39672,0.25276,328,2.09249,0.22308,328,2.8438,0.26593,322,3.40915,0.23448,331,3.30042,0.26768,325,4.22027,0.25596,320,3.24485,0.25807,320,3.52423,0.23199,322,3.59763,0.23237,321,3.7221,0.2215,321,3.56986,0.26418,328,4.08427,0.23228,323,3.66709,0.24605,309,NA,NA,NA,NA,NA,NA,NA,NA,NA,NA,NA,NA,NA,NA,NA,NA,NA,NA,NA,NA,2.97847,3.58851,2.74184,3.61465,2.78182,3.77374
pool1,RhGB03,wildtype,3.51699,0.02184,3,4.46849,0.03002,3,3.94363,0.02245,3,1.82935,0.02971,3,3.76885,0.03108,3,3.7478,0.01511,3,2.56981,0.05025,3,4.24589,0.03549,3,4.45772,0.07522,3,4.04167,0.02114,3,4.47827,0.03202,3,4.38552,0.04329,3,3.8993,0.02762,3,3.7051,0.08012,3,3.99599,0.0065,3,3.79763,0.04834,3,4.67769,0.03023,3,4.28626,0.0722,3,NA,NA,NA,NA,NA,NA,NA,NA,NA,NA,NA,NA,NA,NA,NA,NA,NA,NA,NA,NA,3.97637,4.30182,3.11534,3.86679,3.75781,4.25386
pool1,RhGB02_230B,wildtype,3.12389,0.03781,2,4.21996,0.02474,2,3.66352,0.04525,2,1.58543,0.06346,2,3.65196,0.01165,2,3.63346,0.04488,2,2.29771,0.02851,2,4.16719,0.00256,2,4.38973,0.02751,2,3.71152,0.03197,2,4.16289,0.01953,2,4.111,0.03811,2,3.5879,0.02936,2,3.56065,0.00115,2,3.81075,0.02981,2,3.5574,0.04374,2,4.56817,0.01402,2,3.94305,0.02276,2,NA,NA,NA,NA,NA,NA,NA,NA,NA,NA,NA,NA,NA,NA,NA,NA,NA,NA,NA,NA,3.66913,3.99513,2.95695,3.6531,3.61821,4.02287
pool1,RsYN04,wildtype,2.14713,0.24442,228,4.19341,0.22144,223,3.36908,0.26755,223,2.16403,0.23489,229,3.18068,0.29259,222,3.62704,0.2059,225,2.44908,0.25537,228,1.95549,0.24814,229,2.96987,0.25587,229,3.72545,0.28161,220,4.16055,0.254,224,4.48507,0.24062,216,3.6585,0.24125,223,3.81457,0.25461,226,3.88543,0.20553,226,3.66019,0.2643,224,4.17127,0.2748,228,3.27843,0.26255,220,NA,NA,NA,NA,NA,NA,NA,NA,NA,NA,NA,NA,NA,NA,NA,NA,NA,NA,NA,NA,3.23654,4.12369,2.99058,3.78617,2.45815,3.70329
pool1,AncAsia_MAP,wildtype,3.97718,0.22996,229,5.68833,0.22153,222,4.69613,0.2351,227,3.43879,0.2867,235,4.02944,0.21108,230,4.38367,0.27507,237,3.84953,0.244,242,4.64623,0.25811,242,4.4573,0.25762,236,4.6981,0.24148,215,5.76078,0.2137,230,5.2451,0.26974,230,4.19755,0.25123,237,4.36847,0.26829,234,4.71396,0.23831,237,4.40763,0.2815,231,4.8665,0.18269,236,4.39914,0.30403,239,10.1137,-0.03975,3.99652,5.70649,4.71732,3.4651,4.05481,4.40312,3.8706,4.67163,4.47511,4.71679,5.78055,5.26246,4.21389,4.38534,4.73073,4.42511,4.88516,4.4126,4.78721,5.23466,3.95063,4.42666,4.31769,4.55776
pool1,AncAsia_alt,wildtype,3.07862,0.28783,201,4.8479,0.19046,195,3.66176,0.24254,194,3.20239,0.29709,206,3.77623,0.2203,205,4.07634,0.19343,205,2.9887,0.28206,211,4.01107,0.25895,205,3.53348,0.2368,205,4.12076,0.28012,192,4.83641,0.21789,198,4.7007,0.23298,198,3.99157,0.24085,199,4.26992,0.23977,195,4.70438,0.19874,195,4.12761,0.23179,193,4.66592,0.24531,201,3.84022,0.25262,192,9.8702,-0.28325,3.21641,4.9773,3.81278,3.38988,3.95705,4.21488,3.13883,4.19209,3.66041,4.25395,4.97724,4.8244,4.10799,4.39012,4.82384,4.25213,4.79887,3.93612,3.86276,4.55262,3.68499,4.32196,3.51108,4.21125
pool1,AncAsia_tree1,wildtype,3.64136,0.23931,118,4.78059,0.24455,126,3.79736,0.22371,123,2.89423,0.3432,122,3.73481,0.23467,121,4.17539,0.28484,120,3.18083,0.25055,121,4.2834,0.28034,117,3.48869,0.2557,124,4.32024,0.26323,114,4.81536,0.24608,119,4.59099,0.30229,117,4.48631,0.27039,120,4.47742,0.2652,116,4.74188,0.25125,120,4.5517,0.2609,115,4.97612,0.2035,122,5.01241,0.21754,120,9.9809,-0.17255,3.72531,4.85942,3.88936,3.00844,3.84497,4.25978,3.27228,4.39368,3.56601,4.40137,4.90115,4.66635,4.55723,4.55065,4.81465,4.62755,5.05711,5.07084,4.07311,4.57553,3.60148,4.56854,3.65097,4.84674
pool1,AncAsia_tree2,wildtype,3.91767,0.21033,210,5.61333,0.23653,194,4.57838,0.24957,214,3.39855,0.29992,207,4.00782,0.21184,209,4.28329,0.25662,212,3.79391,0.20645,203,4.31805,0.28149,198,4.45852,0.25259,215,4.68378,0.25382,190,5.71272,0.24214,206,5.08547,0.26626,206,4.29272,0.26247,202,4.42761,0.29008,206,4.73369,0.23318,208,4.37414,0.2819,195,4.85491,0.24004,203,4.38109,0.34047,203,10.1478,-0.00565,3.92042,5.61592,4.58139,3.40229,4.01143,4.28605,3.7969,4.32166,4.46106,4.68644,5.71553,5.08794,4.29504,4.43001,4.73608,4.37662,4.85757,4.383,4.70313,5.16066,3.89655,4.48467,4.19016,4.53671
pool1,AncSARS2a_MAP,wildtype,4.68252,0.21774,302,5.8828,0.15018,279,5.58631,0.21437,306,3.7214,0.21815,308,4.54515,0.26575,309,4.84753,0.16959,304,4.79787,0.18307,318,4.88512,0.14867,306,4.85563,0.15909,309,4.92898,0.2078,284,5.87275,0.16274,307,5.80564,0.19066,302,4.22263,0.26591,302,4.37466,0.26989,299,4.85211,0.20856,286,4.49517,0.26872,299,5.0766,0.21714,304,4.2141,0.26466,301,10.2742,0.12075,4.62378,5.82763,5.52194,3.64147,4.46806,4.78848,4.73387,4.80795,4.80152,4.87221,5.81271,5.75291,4.173,4.32341,4.80119,4.44208,5.01992,4.17321,5.38388,5.53579,4.37136,4.48313,4.84621,4.59529
pool1,AncSARS2a_alt,wildtype,3.72286,0.31385,129,5.34593,0.24654,121,4.0751,0.3249,131,3.42555,0.32537,128,3.84348,0.29205,125,4.10776,0.28151,129,3.75988,0.30277,129,3.78457,0.32737,130,3.97426,0.29729,134,4.57824,0.30511,118,5.37708,0.32891,126,5.08208,0.26135,122,4.09068,0.28685,127,4.16232,0.30127,126,4.67046,0.26129,121,4.11787,0.29056,120,4.77248,0.22345,130,3.83645,0.26021,120,8.8719,-1.28155,4.34631,5.93142,4.75834,4.27381,4.66159,4.73455,4.43914,4.60361,4.54854,5.18085,6.01428,5.64175,4.6174,4.70619,5.21093,4.68126,5.374,4.27037,4.3813,5.01247,3.79226,4.30782,3.83957,4.24227
pool1,AncSARS2c_MAP,wildtype,4.72408,0.22055,313,5.91128,0.13305,296,5.78192,0.19952,319,3.81813,0.21078,305,4.58833,0.24364,303,4.91965,0.1583,305,4.87418,0.15327,329,4.93926,0.13244,307,4.88239,0.15589,314,5.09434,0.2066,282,5.9083,0.12448,300,5.89335,0.13942,322,4.45488,0.2586,307,4.4819,0.26943,308,4.892,0.17909,304,4.59734,0.2599,300,5.29243,0.24237,301,4.20414,0.27532,304,10.2076,0.05415,4.69774,5.88654,5.75305,3.78229,4.55376,4.89317,4.84548,4.90465,4.85813,5.06888,5.88137,5.8697,4.43262,4.45892,4.86916,4.57353,5.26701,4.18581,5.47243,5.632,4.44204,4.60959,4.89861,4.69797
pool1,SARS-CoV-2_WH1,wildtype,4.77352,0.20384,215,5.91395,0.12654,199,5.81271,0.18121,219,4.28051,0.24156,213,4.69318,0.20897,206,5.02267,0.17787,213,4.87732,0.14294,211,4.97381,0.1475,219,4.87636,0.15911,211,5.27514,0.23772,190,5.90632,0.1266,203,5.91555,0.11684,208,4.81274,0.22063,207,4.78234,0.20303,203,5.14262,0.20324,207,4.80197,0.1926,198,5.46858,0.23808,205,4.34103,0.25152,199,10.162,0.00855,4.76936,5.91005,5.80816,4.27485,4.68772,5.01849,4.87279,4.96835,4.87253,5.27112,5.90207,5.91181,4.80922,4.77871,5.13902,4.79821,5.46456,4.33814,5.50006,5.699,4.66545,4.91257,4.90917,4.87053
pool1,SARS-CoV-2_Alpha,wildtype,4.67591,0.26774,282,5.88792,0.17006,262,5.67195,0.24343,301,4.15106,0.28709,297,4.54448,0.29704,312,4.92132,0.20667,305,4.8221,0.22336,312,4.88508,0.18316,307,4.83097,0.19782,305,5.11845,0.28628,236,5.88165,0.17829,270,5.86477,0.19429,279,4.7624,0.238,283,4.67444,0.28421,272,5.13257,0.26516,283,4.72195,0.24184,274,5.34027,0.27371,285,4.18771,0.31392,287,NA,NA,NA,NA,NA,NA,NA,NA,NA,NA,NA,NA,NA,NA,NA,NA,NA,NA,NA,NA,5.41193,5.62162,4.53895,4.85647,4.84605,4.74998
pool1,SARS-CoV-2_Beta,wildtype,4.39862,0.33209,198,5.78402,0.22334,183,4.77798,0.24172,205,4.0094,0.29734,197,4.39668,0.33756,207,4.73213,0.25602,199,4.3416,0.35344,209,4.03023,0.343,199,4.58671,0.28079,214,4.99121,0.23577,153,5.73495,0.27389,190,5.79879,0.25309,173,4.72319,0.29409,190,4.68775,0.28084,183,5.08724,0.26168,197,4.65334,0.27312,180,5.17017,0.27993,196,4.20403,0.33593,190,NA,NA,NA,NA,NA,NA,NA,NA,NA,NA,NA,NA,NA,NA,NA,NA,NA,NA,NA,NA,4.98687,5.50832,4.3794,4.83273,4.31951,4.67585
pool1,SARS-CoV-2_Delta,wildtype,4.58049,0.29594,200,5.87426,0.17512,177,5.68191,0.25018,215,4.00776,0.24572,208,4.53671,0.27534,204,4.86556,0.20592,207,4.8303,0.20437,226,4.84242,0.19537,202,4.74004,0.2556,219,5.11826,0.31179,173,5.883,0.17284,190,5.87025,0.20215,196,4.86791,0.21945,196,4.69615,0.27693,191,5.27738,0.2659,192,4.74442,0.26126,177,5.39066,0.32526,200,4.43726,0.325,200,NA,NA,NA,NA,NA,NA,NA,NA,NA,NA,NA,NA,NA,NA,NA,NA,NA,NA,NA,NA,5.37889,5.62384,4.47001,4.94715,4.80425,4.85745
pool1,SARS-CoV-2_Omicron-BA1,wildtype,3.62049,0.01356,4,5.00188,0.03154,4,4.0284,0.02214,4,2.96081,0.0109,4,3.88133,0.01742,4,3.94566,0.00703,4,3.02948,0.02875,4,3.29584,0.01872,4,3.77051,0.04468,4,4.24154,0.04424,4,4.94501,0.02544,4,5.14376,0.01207,4,4.18818,0.02037,4,4.01788,0.02808,4,4.69905,0.04514,4,4.05356,0.03337,4,4.68898,0.02756,4,3.77414,0.03243,4,NA,NA,NA,NA,NA,NA,NA,NA,NA,NA,NA,NA,NA,NA,NA,NA,NA,NA,NA,NA,4.21692,4.77677,3.59593,4.3017,3.36528,4.17223
pool1,SARS-CoV-2_Omicron-BA2,wildtype,3.77303,0.02022,5,5.2404,0.00977,5,4.30432,0.0167,5,3.39384,0.01953,5,4.05062,0.00877,5,3.92647,0.00381,5,3.33336,0.01957,5,3.47457,0.01834,5,3.85294,0.01492,5,4.51824,0.03581,5,5.21863,0.01324,5,5.5648,0.02285,5,4.85582,0.01881,5,4.6814,0.01195,5,5.03863,0.00814,5,4.54117,0.00787,5,5.00347,0.00854,5,4.73414,0.01153,5,NA,NA,NA,NA,NA,NA,NA,NA,NA,NA,NA,NA,NA,NA,NA,NA,NA,NA,NA,NA,4.43925,5.10056,3.79031,4.85862,3.55362,4.7596
pool1,SARS-CoV-2_Omicron-BA5,wildtype,4.04774,0.02224,3,5.72151,0.01208,3,4.70434,0.0112,3,3.52347,0.01809,3,4.50709,0.01554,3,4.32325,0.0089,3,3.7003,0.00346,3,3.51881,0.01202,3,4.12385,0.01669,3,4.81207,0.01921,3,5.67747,0.01496,3,5.8334,0.02193,3,5.3246,0.02606,3,4.97967,0.01013,3,5.75356,0.0177,3,4.92301,0.0149,3,5.53169,0.0048,3,5.02797,0.01709,3,NA,NA,NA,NA,NA,NA,NA,NA,NA,NA,NA,NA,NA,NA,NA,NA,NA,NA,NA,NA,4.82453,5.44098,4.11794,5.35261,3.78099,5.16089
pool1,SARS-CoV-2_Omicron-BQ11,wildtype,4.15569,0.01542,5,5.75327,0.01696,5,4.50057,0.01678,5,3.31267,0.03531,5,4.57824,0.01691,5,4.29294,0.02214,5,3.61105,0.02051,5,3.54504,0.01274,5,4.20742,0.01751,5,4.84271,0.00657,5,5.68172,0.01522,5,5.53692,0.01284,5,5.18241,0.01293,5,4.90956,0.02261,5,5.30131,0.03363,5,4.88029,0.01061,5,5.41476,0.02819,5,5.01843,0.02839,5,NA,NA,NA,NA,NA,NA,NA,NA,NA,NA,NA,NA,NA,NA,NA,NA,NA,NA,NA,NA,4.80317,5.35378,4.06128,5.1311,3.78784,5.1045
pool1,SARS-CoV-2_Omicron-XBB15,wildtype,3.95506,0.0277,5,5.66684,0.01977,5,4.1983,0.02396,5,3.21523,0.02726,5,4.4604,0.03234,5,4.10364,0.02211,5,3.42359,0.02216,5,3.47427,0.01879,5,3.98755,0.0145,5,4.78186,0.01754,5,5.65084,0.02009,5,5.4857,0.0231,5,5.07735,0.02462,5,4.84774,0.03039,5,5.06384,0.02473,5,4.81604,0.02214,5,5.3647,0.02044,5,4.98765,0.01666,5,NA,NA,NA,NA,NA,NA,NA,NA,NA,NA,NA,NA,NA,NA,NA,NA,NA,NA,NA,NA,4.60673,5.30614,3.92642,4.99631,3.62847,5.05613
pool1,BtSY2-RmCX02,wildtype,4.39016,0.03102,3,5.8441,0.00474,3,5.41076,0.00969,3,3.92118,0.02405,3,4.3574,0.0164,3,4.7763,0.00252,3,4.69609,0.01295,3,4.76239,0.00539,3,4.53895,0.00657,3,4.89114,0.01378,3,5.84433,0.00725,3,5.84197,0.00382,3,4.57069,0.00951,3,4.43452,0.02244,3,4.97864,0.01626,3,4.55969,0.00637,3,5.15645,0.00328,3,3.98534,0.01441,3,NA,NA,NA,NA,NA,NA,NA,NA,NA,NA,NA,NA,NA,NA,NA,NA,NA,NA,NA,NA,5.21501,5.52581,4.35162,4.66128,4.66581,4.56716
pool1,BANAL-20-103,wildtype,4.75315,0.1972,237,5.89302,0.13545,225,5.80428,0.17646,248,3.82557,0.18554,229,4.6208,0.22882,242,4.90097,0.16801,234,4.87942,0.14533,244,4.92887,0.13581,236,4.86733,0.16338,238,5.0703,0.20514,227,5.90474,0.12728,238,5.88878,0.13668,230,4.49277,0.24272,230,4.50933,0.23176,234,4.89654,0.16874,230,4.60767,0.23723,225,5.29975,0.23694,237,4.22408,0.27401,226,NA,NA,NA,NA,NA,NA,NA,NA,NA,NA,NA,NA,NA,NA,NA,NA,NA,NA,NA,NA,5.48348,5.62128,4.44911,4.63288,4.89187,4.7105
pool1,BANAL-20-236,wildtype,4.50671,0.24109,266,5.81003,0.14997,248,5.36843,0.23096,253,3.80977,0.17344,259,4.48839,0.21583,258,4.78117,0.17526,257,4.69645,0.1986,267,4.87693,0.13453,254,4.77167,0.17035,265,4.92003,0.14948,233,5.82421,0.14946,256,5.82328,0.16345,259,4.44393,0.25386,262,4.49526,0.24007,259,4.84594,0.16833,252,4.43864,0.23918,252,5.12593,0.18252,257,4.16705,0.237,253,NA,NA,NA,NA,NA,NA,NA,NA,NA,NA,NA,NA,NA,NA,NA,NA,NA,NA,NA,NA,5.22839,5.52251,4.35978,4.59504,4.78168,4.57721
pool1,RaTG13,wildtype,3.67186,0.28247,295,5.17617,0.24979,292,4.45531,0.28427,294,2.64959,0.30579,298,3.94331,0.2298,299,4.27146,0.2739,304,3.3021,0.28403,302,3.30112,0.32483,293,4.08408,0.2421,307,4.57872,0.28096,276,5.15119,0.29059,284,5.32868,0.32875,288,3.8676,0.27766,299,4.34704,0.29144,280,4.68444,0.24712,289,4.15029,0.29155,284,4.69936,0.25457,286,3.92313,0.27544,275,10.0628,-0.09065,3.71596,5.21759,4.50364,2.70959,4.00118,4.3158,3.35015,3.35905,4.12471,4.62134,5.19626,5.36827,3.90485,4.38551,4.72267,4.19014,4.74191,3.95382,4.43445,5.01953,3.62146,4.29969,3.56243,4.25759
pool1,GD-Pangolin,wildtype,4.65164,0.26926,276,5.89361,0.15924,258,5.75267,0.23871,285,3.75238,0.23417,288,4.50104,0.28907,289,4.8412,0.20684,286,4.83021,0.2275,296,4.86642,0.20313,281,4.82816,0.21285,287,4.93911,0.22402,250,5.87958,0.16845,274,5.84824,0.19128,273,4.32872,0.30798,287,4.39726,0.28912,281,4.83913,0.23491,285,4.51457,0.25531,266,5.16957,0.25953,269,4.12162,0.28525,276,10.1764,0.02295,4.64047,5.88313,5.74043,3.73719,4.48639,4.82997,4.81804,4.85175,4.81788,4.92832,5.86817,5.83822,4.31928,4.38752,4.82945,4.50448,5.1588,4.11385,5.43264,5.55564,4.36487,4.5217,4.8416,4.60192
pool1,GX-Pangolin,wildtype,3.82113,0.18973,173,5.40082,0.22634,172,4.22554,0.2351,183,2.68437,0.2705,177,4.01571,0.1937,179,4.14995,0.21349,183,3.56196,0.22835,185,2.95846,0.30628,183,4.23573,0.21003,185,4.68163,0.21292,178,5.34043,0.25934,185,5.57033,0.22851,182,3.87908,0.24104,187,4.44291,0.22358,181,4.75981,0.18584,177,4.36404,0.25316,175,4.83264,0.18109,181,4.06572,0.27133,182,10.2031,0.04965,3.79697,5.37813,4.19907,2.65151,3.98401,4.12567,3.53564,2.92672,4.21348,4.65829,5.31574,5.54865,3.85867,4.42184,4.73887,4.34222,4.80934,4.04891,4.4825,5.19746,3.61668,4.3606,3.58538,4.4208
pool1,RshSTT182,wildtype,3.73749,0.23436,189,5.62055,0.21857,195,4.85916,0.16624,191,2.58177,0.29244,193,3.95225,0.18234,191,4.5104,0.25251,199,3.8044,0.23524,191,4.37221,0.2464,191,3.59109,0.21689,195,4.64001,0.24695,183,5.66142,0.22414,189,5.71068,0.20301,189,3.82081,0.23573,195,4.46688,0.24506,192,4.78099,0.21,192,4.25209,0.25539,191,5.01402,0.16381,189,3.93924,0.28294,190,NA,NA,NA,NA,NA,NA,NA,NA,NA,NA,NA,NA,NA,NA,NA,NA,NA,NA,NA,NA,4.73907,5.33737,3.68147,4.35623,3.92257,4.40179
pool1,Rc-o319,wildtype,2.61348,0.33207,163,4.52597,0.25274,166,2.99727,0.31593,163,2.20268,0.25231,171,3.61879,0.22849,167,3.57229,0.23991,172,2.42084,0.25529,173,1.93928,0.31339,170,2.24552,0.24193,173,4.04166,0.23484,167,4.40887,0.25221,177,4.78226,0.25164,171,3.62957,0.2587,171,3.87414,0.21621,171,3.96194,0.24922,171,4.14954,0.25202,163,4.4683,0.25756,172,3.87811,0.24936,170,NA,NA,NA,NA,NA,NA,NA,NA,NA,NA,NA,NA,NA,NA,NA,NA,NA,NA,NA,NA,3.37891,4.41093,3.13126,3.82188,2.20188,4.16532
pool1,Rc-kw8,wildtype,2.80393,0.17784,4,4.67872,0.04629,4,3.49529,0.18369,4,2.38145,0.43251,4,3.52349,0.20287,4,3.69708,0.13444,4,2.727,0.40108,4,2.39563,0.43795,4,3.05721,0.45711,4,4.19807,0.1895,4,4.60494,0.42338,4,5.00244,0.09762,4,3.70972,0.44154,4,4.07943,0.2605,4,4.17179,0.5028,4,4.12465,0.21308,4,4.60739,0.37924,4,3.69278,0.49539,4,NA,NA,NA,NA,NA,NA,NA,NA,NA,NA,NA,NA,NA,NA,NA,NA,NA,NA,NA,NA,3.65932,4.60182,3.20067,3.98698,2.72661,4.14161
pool1,Rc-os20,wildtype,2.71715,0.00814,4,4.56167,0.03059,4,3.4348,0.05429,4,2.23992,0.01438,4,3.43839,0.03283,4,3.80674,0.00729,4,2.62041,0.02876,4,2.10293,0.0364,4,2.91065,0.05697,4,4.09287,0.01342,4,4.40348,0.01632,4,4.96781,0.04508,4,3.75762,0.01373,4,3.97584,0.0352,4,4.06954,0.04115,4,3.99422,0.03517,4,4.38768,0.02318,4,3.44875,0.0154,4,NA,NA,NA,NA,NA,NA,NA,NA,NA,NA,NA,NA,NA,NA,NA,NA,NA,NA,NA,NA,3.57121,4.48805,3.16168,3.93433,2.54466,3.94355
pool1,Rc-mk2,wildtype,2.61541,0.04636,3,4.57541,0.00639,3,3.54861,0.00906,3,2.17575,0.04695,3,3.36579,0.02177,3,3.73569,0.03377,3,2.89933,0.03548,3,2.17146,0.048,3,2.82853,0.03451,3,4.07294,0.03277,3,4.48372,0.04749,3,5.33977,0.03081,3,3.67489,0.02342,3,3.85213,0.02646,3,4.04652,0.02191,3,4.01718,0.04206,3,4.46057,0.00709,3,3.34136,0.04786,3,NA,NA,NA,NA,NA,NA,NA,NA,NA,NA,NA,NA,NA,NA,NA,NA,NA,NA,NA,NA,3.57981,4.63214,3.09241,3.85784,2.6331,3.9397
pool1,AncSARS1a_MAP,wildtype,3.30506,0.32799,309,4.80992,0.24322,295,3.47221,0.30121,301,3.21049,0.31482,301,3.81365,0.265,303,4.02489,0.27565,303,3.29613,0.27704,309,3.75725,0.27009,304,3.27132,0.29331,311,4.12137,0.32408,275,4.90589,0.28429,292,4.60502,0.30254,296,4.29191,0.3085,307,4.46418,0.31555,300,4.5855,0.2727,294,4.49163,0.29614,292,4.74778,0.24657,309,4.58635,0.3315,301,9.9723,-0.18115,3.39318,4.89268,3.56879,3.33039,3.92929,4.11349,3.39215,3.87302,3.3525,4.20655,4.99596,4.68413,4.36636,4.54106,4.6619,4.57127,4.83281,4.64769,3.86239,4.54409,3.68301,4.4472,3.44157,4.60859
pool1,AncSARS1a_tree1,wildtype,3.45876,0.29153,116,4.65925,0.24107,117,3.51407,0.32412,127,2.68801,0.30865,124,3.7836,0.23853,121,3.98787,0.22068,125,3.16386,0.26864,124,3.73051,0.25663,116,3.06913,0.29131,129,4.31824,0.30409,113,4.67797,0.24651,117,4.63448,0.28647,122,4.03508,0.24599,122,4.45655,0.27727,119,4.74294,0.24099,114,4.61319,0.2637,121,4.81897,0.20085,124,4.65437,0.30723,125,10.0694,-0.08405,3.49964,4.69765,3.55888,2.74364,3.83726,4.02898,3.20841,3.78423,3.1068,4.35776,4.71976,4.67118,4.06962,4.49222,4.77839,4.65014,4.85842,4.68282,3.87736,4.54356,3.48649,4.41152,3.32117,4.69551
pool1,AncSARS1a_tree2,wildtype,3.55294,0.2414,293,5.07699,0.1853,286,3.60819,0.23633,299,3.29326,0.24873,292,3.91919,0.18483,298,4.07061,0.19878,291,3.22286,0.23468,302,3.73697,0.22284,298,3.56809,0.23393,300,4.39745,0.25154,281,5.14517,0.22349,292,4.83486,0.20668,294,4.13404,0.21382,295,4.40131,0.24777,299,4.67797,0.19514,302,4.48652,0.25214,297,4.81004,0.19248,298,4.61543,0.24233,295,10.2651,0.11165,3.49862,5.02598,3.54867,3.21936,3.84792,4.016,3.16368,3.66561,3.51806,4.34495,5.08966,4.7861,4.08815,4.35393,4.63088,4.43744,4.75763,4.57763,4.07937,4.79249,3.76102,4.40444,3.50931,4.63733
pool1,AncSARS1c_MAP,wildtype,2.93584,0.35428,91,4.11731,0.26029,86,3.12088,0.35754,92,3.52142,0.28019,91,3.36088,0.29732,93,4.14051,0.28626,91,3.04404,0.27905,94,2.60721,0.39187,95,3.35864,0.29936,93,3.99648,0.29455,84,4.03165,0.29117,86,4.02836,0.33334,85,4.95845,0.20839,79,5.04385,0.25098,88,5.46736,0.29842,88,5.24355,0.26572,84,5.44271,0.30042,87,5.72406,0.2498,80,10.2463,0.09285,2.89067,4.07489,3.07137,3.45997,3.30161,4.0951,2.99483,2.54787,3.31703,3.95282,3.98549,3.98782,4.92029,5.00444,5.42821,5.20273,5.39912,5.69262,3.39134,4.01883,3.67427,5.15655,3.0033,5.4701
pool1,AncSARS-CoV-1_MAP,wildtype,2.89257,0.37378,101,4.16512,0.27782,105,3.17294,0.37475,106,3.53512,0.31707,108,3.57486,0.27542,107,4.28496,0.2671,103,3.50638,0.28045,106,3.49922,0.32215,105,4.18157,0.30192,106,4.08799,0.2759,95,4.09623,0.32268,105,4.32305,0.33716,101,5.23418,0.24271,98,5.21231,0.25248,99,5.72766,0.23713,102,5.66085,0.2213,98,5.71353,0.22915,107,5.84361,0.17755,100,10.2049,0.05145,2.86754,4.14162,3.14551,3.50106,3.54202,4.2598,3.47911,3.46634,4.15851,4.0638,4.07065,4.30058,5.21304,5.19048,5.70596,5.63823,5.68938,5.82619,3.41021,4.16909,3.79831,5.39139,3.72905,5.73933
pool1,AncSARS-CoV-1_alt,wildtype,2.81069,0.33146,226,4.14939,0.25464,230,3.24706,0.29608,236,3.55921,0.26704,235,3.53285,0.29635,235,4.29103,0.27813,235,3.44727,0.26673,246,3.43797,0.32489,244,4.14594,0.29083,245,4.01196,0.29955,229,4.15092,0.31241,226,4.35622,0.29775,229,5.27855,0.27073,229,5.25253,0.25016,220,5.7113,0.23614,232,5.64118,0.26233,225,5.69981,0.27473,231,5.83872,0.20141,229,10.1665,0.01305,2.80434,4.14342,3.2401,3.55057,3.52452,4.28465,3.44035,3.42963,4.14009,4.00582,4.14443,4.35052,5.27318,5.24699,5.70579,5.63544,5.69368,5.8343,3.40238,4.17303,3.79437,5.41412,3.67706,5.72657
pool1,SARS-CoV-1_Sin852_HP03L,wildtype,2.09799,0.28816,238,3.85691,0.24251,240,2.97112,0.30205,245,3.21957,0.31032,246,3.17557,0.30412,249,3.92815,0.21312,250,3.26935,0.28015,247,3.18919,0.30419,243,3.90748,0.24466,245,3.62552,0.30125,232,3.85212,0.2317,247,3.74994,0.26396,240,5.11769,0.21677,228,5.09346,0.19858,231,5.60389,0.24838,236,5.57598,0.24888,220,5.64582,0.25628,236,5.82948,0.18391,225,9.8641,-0.28935,2.23875,3.9891,3.12539,3.41109,3.36028,4.06966,3.42271,3.37411,4.03714,3.76158,3.99599,3.87631,5.23661,5.21626,5.72592,5.70319,5.78163,5.92745,2.97534,3.74253,3.4411,5.27168,3.45534,5.68376
pool1,SARS-CoV-1_GZ-C_HP03L,wildtype,2.06746,0.29343,107,4.08154,0.24799,102,3.15155,0.29914,103,3.27442,0.30425,109,3.2198,0.30576,106,4.04969,0.28947,107,3.25373,0.29397,102,3.13132,0.37426,105,3.8162,0.24943,106,3.68732,0.29158,99,4.1309,0.28729,98,3.87675,0.3287,104,5.11987,0.23352,93,5.00265,0.20519,95,5.56169,0.28446,98,5.51393,0.26808,100,5.65352,0.28741,105,5.80842,0.20479,102,10.1898,0.03635,2.04977,4.06493,3.13217,3.25036,3.1966,4.03191,3.23447,3.10809,3.79991,3.67023,4.11282,3.86087,5.10493,4.98723,5.54636,5.49795,5.63645,5.79611,3.10018,3.89832,3.51464,5.22807,3.40042,5.65862
pool1,SARS-CoV-1_Sino1-11_HP03L,wildtype,2.12151,0.27212,304,4.08231,0.25842,308,3.1535,0.30345,305,3.17958,0.28037,309,3.18461,0.3266,305,3.93922,0.22061,309,3.10616,0.28335,314,2.69949,0.35538,314,3.46159,0.2602,318,3.68847,0.28695,302,4.1097,0.30229,304,3.88185,0.30218,297,5.07173,0.24823,297,5.06338,0.22618,295,5.5704,0.26024,300,5.44128,0.25196,292,5.54701,0.27006,319,5.80155,0.19598,301,10.1625,0.00905,2.11711,4.07818,3.14868,3.17359,3.17883,3.9348,3.10136,2.69371,3.45754,3.68422,4.1052,3.8779,5.06801,5.05954,5.56659,5.4373,5.54276,5.79848,3.11911,3.89334,3.43447,5.23517,3.08908,5.59661
pool1,SARS-CoV-1_Urbani,wildtype,2.12848,0.32444,115,4.10629,0.28247,111,3.18318,0.32251,113,3.39451,0.34326,121,3.31103,0.31357,118,4.16,0.30144,114,3.36,0.27712,116,3.33068,0.33752,112,4.13546,0.28795,114,3.65371,0.30571,108,4.05833,0.3664,115,3.87724,0.30247,114,5.21286,0.30376,114,5.22307,0.31962,115,5.68472,0.27242,109,5.61591,0.30651,108,5.69649,0.29866,113,5.82718,0.22004,113,NA,NA,NA,NA,NA,NA,NA,NA,NA,NA,NA,NA,NA,NA,NA,NA,NA,NA,NA,NA,3.13932,3.86309,3.62184,5.37355,3.60871,5.7132
pool1,SARS-CoV-1_HGZ8L1-A_HP03E,wildtype,2.31419,0.36273,195,4.10088,0.26342,198,3.12878,0.31259,199,3.48823,0.28637,204,3.45837,0.32874,198,4.15506,0.2861,209,3.40875,0.29564,201,3.36862,0.32442,192,4.12697,0.28283,208,3.82736,0.27388,189,4.21878,0.30382,194,4.21003,0.31791,198,5.21209,0.25337,188,5.20579,0.24503,173,5.69135,0.237,179,5.64813,0.25869,187,5.74833,0.22252,196,5.837,0.20587,177,10.0928,-0.06065,2.3437,4.12859,3.16112,3.52837,3.49708,4.18473,3.4409,3.40738,4.15415,3.85587,4.24894,4.23652,5.23702,5.23153,5.71693,5.67479,5.7768,5.85754,3.18129,4.08539,3.70055,5.36975,3.63478,5.74449
pool1,SARS-CoV-1_GD01_HP03L,wildtype,2.12315,0.30943,145,4.03427,0.25643,150,2.87396,0.30545,153,3.33351,0.29371,151,3.33789,0.30054,156,3.98597,0.27908,151,3.27727,0.3041,154,3.19105,0.32869,152,3.87411,0.25047,158,3.64912,0.34402,147,4.08525,0.30837,153,4.05485,0.30326,152,5.04802,0.25164,150,5.04718,0.2655,147,5.60812,0.25586,148,5.54725,0.29368,140,5.64032,0.27165,149,5.77727,0.27549,150,9.7056,-0.44785,2.34102,4.23887,3.11273,3.62994,3.62379,4.20501,3.51465,3.47727,4.07479,3.85971,4.30792,4.25044,5.23209,5.23724,5.79699,5.74414,5.85053,5.92891,3.01046,3.92974,3.55246,5.23444,3.44748,5.65495
pool1,SARS-CoV-1_PC4-127_PC04,wildtype,2.73469,0.35027,296,4.04964,0.25811,292,3.09398,0.33536,288,3.21369,0.29477,306,3.31937,0.30117,309,3.89569,0.25694,303,3.01944,0.28629,304,2.3333,0.31025,297,3.25921,0.2995,312,3.97392,0.32262,288,4.09276,0.30362,294,4.32113,0.31625,295,4.79884,0.22234,299,4.69329,0.244,286,5.00342,0.23948,284,5.10893,0.23812,271,5.16554,0.23554,296,5.58449,0.24791,290,9.9378,-0.21565,2.83959,4.14816,3.20895,3.35643,3.45704,4.00116,3.13375,2.47112,3.35584,4.07532,4.19998,4.41531,4.88747,4.78481,5.09436,5.20373,5.26676,5.65751,3.29277,4.12927,3.47625,4.83185,2.87065,5.28632
pool1,SARS-CoV-1_PC4-13_PC04,wildtype,2.76434,0.30229,267,4.12072,0.23653,275,3.22375,0.29081,277,3.35906,0.26601,276,3.35751,0.25391,266,3.94303,0.2253,281,3.05656,0.25811,277,2.41151,0.30539,280,3.15797,0.26505,281,3.98448,0.26628,264,4.16967,0.25955,268,4.36806,0.30118,264,4.8233,0.19912,272,4.73478,0.22153,264,5.00548,0.23087,263,5.08615,0.21145,266,5.09133,0.20473,273,5.46149,0.22725,266,10.1819,0.02845,2.7505,4.10773,3.20858,3.34023,3.33934,3.92911,3.04148,2.39333,3.14522,3.9711,4.15553,4.35563,4.81161,4.72271,4.99348,5.07364,5.07797,5.45186,3.3696,4.17407,3.5532,4.85452,2.87535,5.21299
pool1,SARS-CoV-1_PC4-137_PC04,wildtype,2.86172,0.32488,225,4.13484,0.27583,228,3.23174,0.31043,235,3.307,0.31451,226,3.34293,0.31144,238,3.93252,0.21854,230,3.08829,0.28888,231,2.46786,0.32732,229,3.28291,0.30889,242,3.99856,0.28783,222,4.10906,0.3063,223,4.40022,0.30842,223,4.84267,0.2305,224,4.74479,0.23532,223,5.04079,0.21999,221,5.20093,0.26598,205,5.20713,0.24478,227,5.60699,0.24477,214,10.1928,0.03935,2.84258,4.11687,3.21076,3.28095,3.3178,3.91327,3.06744,2.44272,3.26528,3.98005,4.08949,4.38303,4.8265,4.7281,5.02419,5.18363,5.18866,5.59367,3.40944,4.16928,3.52748,4.87608,2.94636,5.33835
pool1,SARS-CoV-1_GD03T0013_HP04,wildtype,2.82064,0.34122,260,4.07586,0.22676,268,3.10625,0.28448,270,3.35582,0.27873,270,3.31575,0.30558,272,3.90044,0.2177,277,3.1668,0.27423,278,2.63609,0.32754,266,3.46611,0.28894,281,3.97926,0.24236,261,4.09801,0.28719,263,4.34719,0.34976,253,4.98122,0.23278,259,4.89773,0.17382,250,5.23339,0.24597,241,5.39907,0.29483,243,5.53913,0.26571,269,5.76282,0.2045,245,10.2122,0.05875,2.79206,4.04902,3.07493,3.31693,3.27825,3.8717,3.13566,2.59854,3.43978,3.95164,4.0688,4.32154,4.95708,4.8728,5.20861,5.37324,5.51155,5.74293,3.33425,4.14149,3.524,5.03745,3.08966,5.567
pool1,SARS-CoV-1_GZ0402_HP04,wildtype,2.06156,0.28968,160,3.86357,0.22996,169,2.75559,0.35136,159,2.58011,0.32402,171,2.99307,0.32613,164,3.6072,0.2386,167,2.70757,0.27969,168,2.38165,0.31912,163,3.02082,0.30726,166,3.72609,0.27719,160,3.86993,0.26591,159,4.31394,0.28057,162,4.71521,0.22575,157,4.64146,0.23989,162,4.88242,0.18311,162,4.96416,0.20725,157,5.14337,0.22295,170,5.39534,0.25838,153,9.4512,-0.70225,2.40319,4.1844,3.12999,3.04493,3.44137,3.95066,3.07978,2.83046,3.3355,4.05631,4.21909,4.62062,5.00384,4.93948,5.17858,5.27288,5.47299,5.63311,2.89357,3.96999,3.06013,4.74636,2.70335,5.16762
pool1,SARS-CoV-1_SZ1_PC03,wildtype,2.79518,0.32178,212,4.04282,0.2199,212,3.16802,0.29622,222,3.30588,0.29654,218,3.36475,0.31131,224,3.99172,0.22601,220,3.30348,0.23865,223,2.59514,0.33888,217,3.42446,0.24272,220,3.95886,0.28618,209,4.04312,0.28163,228,4.23775,0.31973,216,4.92668,0.19946,212,4.92294,0.1762,211,5.38598,0.24109,210,5.30363,0.26945,214,5.34159,0.22865,215,5.7724,0.18061,200,10.1745,0.02105,2.78494,4.0332,3.1568,3.29194,3.35131,3.98143,3.29233,2.58169,3.41503,3.94896,4.03266,4.22855,4.91802,4.91401,5.3771,5.29438,5.33171,5.76528,3.33534,4.07991,3.55412,5.07853,3.1077,5.47254
pool1,YN2020B,wildtype,2.85558,0.30267,277,4.10521,0.25409,280,3.29163,0.31686,290,2.36679,0.32454,291,3.15799,0.29765,290,3.87252,0.2239,296,2.82879,0.28815,301,2.16489,0.29468,291,2.50708,0.29174,297,3.84345,0.28051,289,4.23163,0.28848,290,4.05387,0.27995,280,3.57266,0.29023,287,4.20278,0.28531,287,4.23433,0.2722,292,3.91822,0.28231,280,4.47589,0.25978,297,3.42454,0.30406,279,NA,NA,NA,NA,NA,NA,NA,NA,NA,NA,NA,NA,NA,NA,NA,NA,NA,NA,NA,NA,3.41747,4.04298,3.13243,4.00326,2.50025,3.93955
pool1,LYRa11,wildtype,2.89607,0.30702,115,3.94315,0.22924,117,3.03752,0.28183,116,3.40093,0.25597,114,3.32189,0.3204,118,4.11048,0.25733,116,3.00855,0.24104,116,2.4876,0.32989,118,3.29711,0.22639,119,4.00385,0.24469,113,3.94511,0.29617,117,3.94208,0.3186,114,4.86921,0.2253,118,4.85793,0.23771,111,5.35777,0.25988,115,5.09083,0.21643,110,5.3674,0.20841,117,5.71187,0.23915,116,10.1431,-0.01035,2.9011,3.94788,3.04303,3.40778,3.32849,4.11554,3.01404,2.49421,3.30175,4.00872,3.95026,3.9466,4.87346,4.86232,5.36214,5.09538,5.37226,5.71537,3.29224,3.96368,3.6111,5.0283,2.93109,5.39003
pool1,WIV1,wildtype,3.01292,0.32371,232,4.05642,0.24746,234,3.15409,0.29419,238,3.3365,0.27642,233,3.30676,0.28796,242,4.15348,0.23962,238,3.16868,0.27314,239,2.64515,0.30271,240,3.28938,0.28806,242,4.021,0.25051,231,4.04286,0.27442,243,4.0852,0.3208,240,4.97652,0.19286,232,5.00857,0.22341,226,5.47498,0.23842,229,5.27773,0.25523,224,5.4715,0.26666,245,5.72204,0.23839,231,10.2012,0.04775,2.98969,4.03461,3.12864,3.30489,3.27628,4.13012,3.14338,2.61463,3.26798,3.99855,4.01912,4.06435,4.9569,4.9883,5.45484,5.25673,5.44909,5.70587,3.40781,4.04969,3.59891,5.15336,3.0344,5.49042
pool1,Rs7327,wildtype,2.95978,0.36129,233,4.08091,0.25185,240,3.17385,0.31554,240,3.39879,0.28866,244,3.31239,0.33297,243,4.11851,0.269,242,3.1068,0.28399,248,2.56977,0.32641,236,3.27584,0.32221,248,3.99997,0.3178,225,4.02677,0.32383,232,4.00943,0.31994,237,4.93392,0.23424,228,4.8732,0.23625,232,5.44489,0.28221,238,5.20363,0.26238,224,5.43362,0.29205,240,5.7186,0.24454,230,10.2556,0.10215,2.91008,4.03424,3.11939,3.33118,3.24718,4.06855,3.05266,2.50448,3.23006,3.95194,3.97598,3.96482,4.89194,4.82985,5.40181,5.15872,5.38567,5.68401,3.40485,4.01206,3.6099,5.084,2.98414,5.45195
pool1,Rs4231,wildtype,3.14159,0.32574,305,4.20557,0.25814,304,3.31856,0.31405,305,2.79792,0.33809,316,3.19155,0.30599,313,4.06555,0.26496,317,2.91435,0.29365,314,2.57872,0.35116,298,2.65874,0.33436,324,4.03629,0.28096,293,4.37874,0.34726,314,4.1281,0.31145,305,3.73611,0.2846,317,4.26568,0.27777,304,4.60266,0.26465,310,3.92828,0.26479,301,4.57066,0.26789,320,3.44579,0.3118,304,10.2211,0.06765,3.10868,4.17466,3.28249,2.75314,3.14837,4.03246,2.87849,2.53548,2.62842,4.00448,4.3451,4.09856,3.7083,4.23697,4.57413,3.89854,4.5389,3.42288,3.55524,4.18104,3.35167,4.20148,2.71727,3.98158
pool1,RsSHC014,wildtype,3.08543,0.34685,150,4.2089,0.29782,153,3.29808,0.32183,151,2.77606,0.35592,156,3.17973,0.3183,153,4.01,0.27406,161,2.94163,0.28696,158,2.16008,0.30154,157,2.6397,0.36753,164,3.95826,0.32111,145,4.42513,0.31032,158,4.06478,0.3378,149,3.69193,0.31106,154,4.24358,0.27953,153,4.51491,0.34617,152,3.90863,0.28356,158,4.55016,0.27609,160,3.42331,0.33233,156,10.2843,0.13085,3.02178,4.14912,3.22832,2.68945,3.0962,3.94601,2.87228,2.07645,2.58106,3.89673,4.36007,4.00763,3.63815,4.18805,4.45972,3.85111,4.48875,3.37901,3.53081,4.14939,3.32193,4.15014,2.58047,3.9607
pool1,Rs4084,wildtype,3.14811,0.36044,206,4.27113,0.26465,205,3.29469,0.30398,205,2.81824,0.32127,206,3.1683,0.2884,206,4.08184,0.25601,214,2.91837,0.28126,210,2.22243,0.29987,212,2.74008,0.37191,215,3.97011,0.27269,201,4.46613,0.28434,207,4.12361,0.33145,208,3.70477,0.28457,206,4.29339,0.24964,203,4.57882,0.25859,206,3.90169,0.28162,207,4.57537,0.29505,210,3.40037,0.3239,198,10.2938,0.14035,3.07983,4.20701,3.21987,2.72534,3.0787,4.0132,2.84398,2.13273,2.67719,3.90412,4.39635,4.06231,3.64708,4.23383,4.51963,3.83998,4.50949,3.35285,3.57131,4.18662,3.35613,4.19232,2.62696,3.95914
pool1,BtSY1-RtLS01,wildtype,3.20681,0.01285,3,4.36418,0.02073,3,3.42999,0.01594,3,2.79008,0.04069,3,3.32766,0.03011,3,4.0625,0.02281,3,2.91928,0.03429,3,2.12877,0.03337,3,2.80332,0.00554,3,4.07883,0.00403,3,4.50627,0.01552,3,4.41116,0.02722,3,3.81881,0.01225,3,4.3034,0.02836,3,4.58645,0.02363,3,3.9822,0.01969,3,4.61392,0.02228,3,3.53043,0.05555,3,NA,NA,NA,NA,NA,NA,NA,NA,NA,NA,NA,NA,NA,NA,NA,NA,NA,NA,NA,NA,3.667,4.33209,3.39341,4.23622,2.61712,4.04219
pool1,AncClade2_MAP,wildtype,1.79553,0.36153,112,4.06278,0.33336,110,3.58545,0.33638,109,1.55884,0.37138,113,3.29354,0.34683,115,3.68643,0.2678,116,2.58905,0.2987,114,2.09903,0.33779,109,2.76846,0.34928,115,3.60699,0.28904,107,4.09626,0.30584,110,4.49075,0.32065,101,3.58637,0.30826,115,3.84664,0.29163,111,4.01359,0.35468,114,3.81138,0.33103,110,4.28567,0.33124,114,3.52692,0.35608,107,10.1347,-0.01875,1.80465,4.07134,3.59545,1.57125,3.30551,3.6956,2.59899,2.11102,2.77686,3.61581,4.10558,4.49894,3.59408,3.8546,4.0215,3.81962,4.29447,3.53326,3.14792,4.06467,2.84627,3.81553,2.48551,3.87466
pool1,AncClade2_alt,wildtype,1.76225,0.35923,282,4.01433,0.22896,292,3.57,0.2946,287,1.50814,0.33652,285,3.32296,0.3625,290,3.63774,0.25178,294,2.65229,0.31859,290,2.03651,0.30592,291,2.67876,0.32786,305,3.55269,0.31788,284,4.04553,0.29718,284,4.44718,0.30708,271,3.56665,0.27709,282,3.87687,0.25995,291,4.04431,0.2657,296,3.80388,0.28269,282,4.26786,0.29141,290,3.42467,0.33336,289,10.1085,-0.04495,1.78411,4.03487,3.59396,1.5379,3.35166,3.65973,2.67611,2.06524,2.6989,3.57382,4.06788,4.46681,3.58512,3.89595,4.06327,3.82364,4.28896,3.43989,3.11553,4.01513,2.82295,3.82928,2.45585,3.83214
pool1,AncClade2_tree2,wildtype,1.82119,0.33459,282,4.0622,0.2669,285,3.61214,0.30371,284,1.57377,0.36181,283,3.42188,0.30539,289,3.66026,0.29139,285,2.67673,0.30006,289,2.07614,0.28216,279,2.74701,0.35363,298,3.58612,0.28163,276,4.28993,0.30667,273,4.50856,0.30181,271,3.57884,0.3059,292,3.88086,0.27803,283,4.08158,0.25487,275,3.8058,0.28445,273,4.29774,0.29904,287,3.47012,0.30828,278,10.1975,0.04405,1.79976,4.04207,3.58866,1.54462,3.39376,3.63872,2.65338,2.04799,2.72727,3.56541,4.26803,4.48933,3.56074,3.86217,4.063,3.78643,4.27707,3.45521,3.16518,4.12821,2.88531,3.84709,2.49996,3.85789
pool1,AncClade2_alt1_subs-only,wildtype,1.03173,0.37448,198,1.48354,0.50804,191,1.07486,0.38743,191,0.6881,0.38966,205,0.84413,0.43415,205,1.28833,0.48521,195,0.81431,0.43412,203,0.65617,0.41833,210,0.57554,0.4189,167,1.3853,0.57859,168,1.93564,0.52178,187,2.19844,0.42026,191,0.90285,0.5379,167,0.72766,0.43404,151,1.93821,0.56068,180,1.00334,0.59321,155,1.54179,0.72314,138,0.80482,0.55219,153,7.9724,-2.18105,2.09277,2.47998,2.23766,2.13174,2.23647,2.35506,1.97033,2.05008,1.55289,2.41087,3.02008,3.15095,1.79927,1.65328,2.85803,1.96218,2.5655,1.5433,1.19671,1.83979,0.94019,1.18958,0.68201,1.11665
pool1,AncClade2_alt2_del1-only,wildtype,3.74097,0.25891,245,5.10316,0.26014,241,4.08903,0.26896,249,2.71829,0.33573,259,3.88286,0.23234,251,3.92311,0.21858,257,3.60506,0.26562,259,4.23145,0.3014,253,4.27686,0.28215,264,4.48841,0.28685,234,5.27542,0.27362,253,4.79247,0.25681,251,3.90701,0.25029,260,4.23462,0.28731,251,4.52773,0.29615,263,4.1052,0.29092,254,4.76339,0.23849,256,4.16631,0.33796,259,9.7922,-0.36125,3.91671,5.2682,4.28163,2.9574,4.11347,4.0998,3.79654,4.46233,4.43874,4.65828,5.45503,4.95024,4.05548,4.38793,4.68008,4.26402,4.93295,4.28863,4.31105,4.8521,3.50809,4.22312,4.03779,4.34497
pool1,AncClade2_alt3_del2-only,wildtype,3.06905,0.29229,226,4.69497,0.21122,217,3.54768,0.2811,228,3.18647,0.30039,227,3.50952,0.3037,232,3.84508,0.23143,229,2.6037,0.30491,224,2.9989,0.32834,226,3.19861,0.30745,233,3.90129,0.25861,208,4.57805,0.26338,214,4.35919,0.28286,213,3.84101,0.24062,229,4.00227,0.23828,225,4.18318,0.2667,225,3.93783,0.22951,213,4.21762,0.27788,218,3.65332,0.31884,219,9.8996,-0.25385,3.19254,4.81095,3.68301,3.3545,3.67157,3.96924,2.73825,3.16113,3.31236,4.02066,4.70426,4.47005,3.94535,4.11,4.29024,4.04943,4.33677,3.73927,3.77057,4.27951,3.51369,4.00882,2.93373,3.93626
pool1,AncClade2_alt4_dels-only,wildtype,2.13034,0.28224,272,4.03118,0.23662,267,2.75736,0.31312,267,2.03094,0.26573,273,2.6755,0.33684,269,3.24054,0.2866,268,2.08361,0.21901,278,1.16785,0.30703,268,2.42309,0.27894,280,3.41008,0.32368,262,3.93915,0.24041,266,3.80464,0.29385,259,3.22445,0.37519,263,3.65147,0.27798,261,3.68187,0.2966,268,3.41223,0.32529,266,3.75656,0.28582,261,3.06872,0.31484,261,8.9982,-1.15525,2.69235,4.55897,3.37327,2.7956,3.41299,3.80557,2.69593,1.90617,2.94077,3.9533,4.51355,4.30916,3.69926,4.14175,4.16907,3.9201,4.2988,3.45987,2.97296,3.71796,2.649,3.51927,1.89152,3.4125
pool1,Rf4092,wildtype,1.72398,0.35156,325,3.90142,0.26005,323,3.41364,0.3036,347,1.13592,0.37301,320,3.17321,0.34177,333,3.51428,0.27952,342,2.47059,0.27039,342,2.02561,0.30965,336,2.19547,0.30679,348,3.29591,0.31994,332,3.80268,0.28461,339,4.26656,0.32735,321,3.40177,0.30807,350,3.63449,0.31156,343,3.84229,0.27342,335,3.78624,0.27872,333,4.22266,0.31138,335,3.47468,0.30042,329,10.1219,-0.03155,1.73933,3.91583,3.43046,1.1568,3.19335,3.52971,2.48731,2.04577,2.20961,3.31075,3.81837,4.28034,3.41474,3.64788,3.85559,3.80011,4.23747,3.48537,3.01301,3.78838,2.6078,3.62618,2.23055,3.82786
pool1,RmYN02,wildtype,2.08744,0.31924,281,3.98541,0.28949,275,3.5308,0.29485,278,1.43976,0.37337,274,3.18128,0.34049,286,3.58022,0.29765,283,2.76201,0.3073,286,1.99712,0.31114,282,2.39719,0.29945,288,4.03565,0.33114,265,4.01442,0.30013,281,4.36439,0.33881,269,3.55019,0.3095,292,3.69633,0.29083,289,3.8639,0.29101,278,3.73474,0.30983,284,4.26557,0.30164,289,3.30857,0.35426,279,10.1948,0.04135,2.06733,3.96652,3.50875,1.41239,3.15489,3.56,2.7401,1.97069,2.37867,4.01621,3.99386,4.34633,3.5332,3.67878,3.84646,3.71656,4.24617,3.29457,3.20122,4.13816,2.73376,3.70348,2.38544,3.76963
pool1,YN2013,wildtype,1.55873,0.3791,226,4.01405,0.2642,228,3.59218,0.29802,236,1.38532,0.40299,222,3.23532,0.33091,239,3.56687,0.26992,243,2.77574,0.29056,247,2.00449,0.32078,233,2.32465,0.30173,249,3.45157,0.31231,229,3.99072,0.27533,231,4.37877,0.31505,226,3.5646,0.30525,238,3.76165,0.28036,244,3.89194,0.29443,247,3.85563,0.29096,230,4.19973,0.30552,242,3.41247,0.31257,225,10.2178,0.06435,1.52743,3.98465,3.55787,1.34273,3.19424,3.5354,2.74163,1.96337,2.29582,3.42131,3.95872,4.35067,3.53815,3.73434,3.8648,3.82734,4.16952,3.39068,3.05499,3.94035,2.72917,3.7394,2.36829,3.82261
pool1,ZC45,wildtype,1.54266,0.32231,303,4.00979,0.2161,302,3.20927,0.27664,303,1.15894,0.34798,282,2.61528,0.30939,309,3.42567,0.25556,305,2.30329,0.25345,317,1.81118,0.31965,298,2.27109,0.24829,312,3.38102,0.29501,296,3.96828,0.24986,296,4.02807,0.28598,290,3.23435,0.33419,304,3.8891,0.19689,296,3.73591,0.25282,300,3.5198,0.27757,301,3.979,0.26089,305,3.18898,0.29291,298,10.0426,-0.11085,1.59658,4.06044,3.26837,1.23232,2.68604,3.47988,2.36204,1.88202,2.32076,3.43314,4.02339,4.07648,3.27991,3.93614,3.78265,3.56853,4.03103,3.22652,2.92057,3.79245,2.39996,3.61979,2.12852,3.56259
pool1,ZXC21,wildtype,1.4676,0.31053,594,3.96158,0.21943,585,3.13102,0.27248,585,1.02751,0.30194,555,2.48452,0.29949,598,3.35296,0.28535,607,2.24858,0.23403,597,1.78913,0.28494,605,2.21253,0.23529,608,3.29708,0.29315,583,3.90799,0.21348,582,3.98017,0.22751,577,3.11132,0.31827,591,3.85851,0.21665,588,3.66849,0.24941,594,3.44713,0.27224,584,3.91731,0.23318,598,3.10432,0.30343,585,9.9846,-0.16885,1.54974,4.03872,3.22104,1.13927,2.59231,3.43554,2.33808,1.89705,2.28819,3.37647,3.99194,4.05391,3.18071,3.93017,3.7397,3.52136,3.99657,3.16149,2.8534,3.72841,2.28833,3.54611,2.08342,3.48959
pool1,Rf1,wildtype,1.43795,0.373,121,3.82215,0.25059,124,2.44427,0.3314,126,1.3255,0.38874,122,3.18051,0.33171,123,3.54005,0.31481,127,1.55565,0.35029,120,1.98713,0.33779,123,2.41857,0.31195,135,3.56145,0.34094,117,3.77442,0.31262,119,4.18414,0.32367,115,3.44176,0.36534,127,3.47244,0.3005,127,3.86201,0.28204,119,3.74147,0.27515,119,4.27331,0.30452,124,3.60398,0.32814,115,10.1638,0.01035,1.43292,3.81742,2.43875,1.31865,3.1739,3.53499,1.55017,1.98051,2.41394,3.55658,3.76928,4.17962,3.4375,3.46805,3.85765,3.73692,4.26845,3.60048,2.56812,3.84,2.68202,3.59207,1.98712,3.87292
pool1,JL2012,wildtype,1.37009,0.39259,344,3.8356,0.28955,340,2.3586,0.3192,354,1.29048,0.39272,335,3.08119,0.33302,352,3.50315,0.3228,360,1.64834,0.35671,355,1.7639,0.33636,335,2.34052,0.31661,357,3.48235,0.31095,341,3.78788,0.28612,344,4.09998,0.31932,335,3.29011,0.32527,349,3.34019,0.3647,358,3.85435,0.27067,342,3.72259,0.30625,344,4.21583,0.2971,354,3.49892,0.33141,331,10.1559,0.00245,1.3689,3.83448,2.35729,1.28886,3.07963,3.50196,1.64704,1.76234,2.33943,3.48119,3.78666,4.09891,3.2891,3.33915,3.85332,3.72151,4.21468,3.49809,2.52143,3.79007,2.62494,3.49489,1.91759,3.81244
pool1,273-2005,wildtype,1.30558,0.35532,212,3.68109,0.30486,221,2.24449,0.31361,237,1.19026,0.3686,210,3.02715,0.33133,229,3.42243,0.30469,223,1.4753,0.39085,222,1.94054,0.33385,224,2.18575,0.29949,238,3.40545,0.34672,218,3.69635,0.27933,222,4.05394,0.26443,213,3.33199,0.36081,219,3.40128,0.35506,220,3.81124,0.26978,216,3.66169,0.2912,222,4.10854,0.28607,230,3.46784,0.33696,218,9.9353,-0.21815,1.41171,3.78076,2.3608,1.33466,3.16642,3.52912,1.59093,2.07996,2.28351,3.50803,3.80482,4.14921,3.42165,3.49386,3.90324,3.7576,4.21094,3.5417,2.41039,3.71858,2.54662,3.51483,1.8672,3.74603
pool1,HeB2013,wildtype,1.34866,0.35763,272,3.70851,0.2649,271,2.35337,0.34043,282,1.2088,0.37772,264,3.02769,0.32936,283,3.48163,0.27727,276,1.43018,0.37224,266,1.87745,0.32748,266,2.22234,0.28505,290,3.56244,0.30422,270,3.67255,0.29596,272,4.11524,0.29763,270,3.3402,0.33643,271,3.38008,0.34978,276,3.80677,0.26945,267,3.63487,0.28027,265,4.18541,0.29898,267,3.48534,0.31626,266,10.0424,-0.11105,1.40268,3.75925,2.41258,1.28231,3.09858,3.53595,1.48904,1.94842,2.2721,3.61466,3.72776,4.16374,3.38584,3.42721,3.85361,3.68369,4.23754,3.52294,2.47018,3.78341,2.57271,3.50902,1.84332,3.76854
pool1,HuB2013,wildtype,1.77182,0.39933,269,4.08877,0.27247,274,3.53381,0.32444,266,1.56136,0.38837,279,3.26875,0.355,285,3.61826,0.30246,292,2.5275,0.30882,289,1.99858,0.3266,275,2.57833,0.36597,300,3.57043,0.32781,269,4.03926,0.31561,272,4.41414,0.34817,257,3.5227,0.33422,284,3.7811,0.28832,276,3.95824,0.28553,275,3.78975,0.28412,273,4.19497,0.3332,281,3.39304,0.34159,272,10.2115,0.05805,1.74358,4.06225,3.50286,1.52294,3.23169,3.58987,2.49673,1.96148,2.55231,3.54314,4.01039,4.38879,3.49884,3.75647,3.93376,3.76423,4.16772,3.37339,3.13147,4.00794,2.81612,3.75401,2.36813,3.79259
pool1,Rs4247,wildtype,1.75203,0.35663,378,4.17268,0.25828,358,3.5995,0.27727,358,1.48264,0.33804,370,3.221,0.34416,382,3.6248,0.28147,380,2.5897,0.32465,379,2.04977,0.30871,373,2.57842,0.29998,383,3.55535,0.30243,352,4.1376,0.28297,370,4.47198,0.29931,359,3.53155,0.30368,380,3.84869,0.29171,376,3.99116,0.25742,370,3.79088,0.28344,370,4.21347,0.29804,380,3.42327,0.29786,365,10.1636,0.01015,1.74709,4.16804,3.59409,1.47592,3.21452,3.61984,2.58432,2.04328,2.57387,3.55058,4.13255,4.46755,3.52738,3.84439,3.98688,3.78642,4.2087,3.41983,3.17474,4.05498,2.77615,3.79047,2.40596,3.8092
pool1,Longquan-140,wildtype,1.59827,0.35054,265,4.04258,0.23789,256,3.52388,0.32479,258,1.41682,0.36571,255,3.19326,0.35824,267,3.57133,0.2941,256,2.50809,0.342,266,1.90362,0.32802,269,2.46922,0.32564,269,3.4851,0.34259,247,3.99065,0.2801,252,4.44394,0.31128,242,3.47141,0.34326,267,3.76954,0.28713,263,3.95846,0.29906,267,3.80779,0.31567,264,4.13364,0.3101,267,3.3771,0.33971,254,10.0063,-0.14715,1.66986,4.10981,3.60233,1.51422,3.2872,3.6433,2.58608,1.99766,2.53516,3.55429,4.06382,4.5082,3.53189,3.83199,4.02052,3.87248,4.20271,3.42693,3.05491,3.97323,2.72714,3.73314,2.29364,3.77284
pool1,HKU3-1,wildtype,1.71718,0.38787,180,3.9949,0.2376,172,3.56785,0.29139,179,1.43666,0.35185,163,3.21116,0.31949,178,3.56988,0.25665,175,2.54123,0.28825,178,1.97374,0.30424,176,2.49113,0.30493,176,3.5441,0.29705,165,4.01969,0.27587,167,4.42621,0.29669,157,3.52981,0.30089,170,3.78283,0.26258,174,3.97904,0.26846,166,3.79407,0.28288,176,4.19253,0.2761,175,3.43172,0.28444,161,10.1201,-0.03335,1.7334,4.01014,3.58563,1.45873,3.23245,3.5862,2.55891,1.99505,2.50607,3.55978,4.03628,4.44077,3.54351,3.79698,3.9931,3.80873,4.20819,3.44301,3.09331,3.99667,2.73923,3.76389,2.33537,3.80611
pool1,GX2013,wildtype,1.7348,0.34532,423,4.05046,0.24547,420,3.55363,0.27173,424,1.48355,0.33594,420,3.19461,0.32762,433,3.62998,0.27719,437,2.58026,0.29465,440,1.99712,0.3108,418,2.59953,0.34371,448,3.55294,0.30632,416,4.03363,0.3002,427,4.46424,0.30138,401,3.55924,0.29551,421,3.78596,0.28983,435,3.98975,0.27364,423,3.79242,0.27271,431,4.23032,0.296,430,3.44801,0.31189,414,10.1301,-0.02335,1.74616,4.06113,3.56608,1.49901,3.20951,3.6414,2.59263,2.01205,2.60999,3.56392,4.04524,4.47444,3.56883,3.79587,3.9996,3.80269,4.24128,3.45591,3.11296,4.01694,2.76938,3.77832,2.3923,3.82358
pool1,Shaanxi2011,wildtype,1.7383,0.36877,304,4.13207,0.27011,303,3.53622,0.29455,305,1.4977,0.41235,303,3.16522,0.32612,315,3.61985,0.30275,319,2.7475,0.30614,316,2.00825,0.31204,310,2.42742,0.32442,335,3.54545,0.32847,298,4.06722,0.29377,299,4.15305,0.29071,304,3.59394,0.30022,320,3.84724,0.2743,314,3.90444,0.2411,306,3.7628,0.31868,313,4.19133,0.26578,307,3.36334,0.30635,305,10.2584,0.10495,1.68724,4.08412,3.48027,1.42823,3.09822,3.56852,2.69187,1.94117,2.38039,3.4961,4.01504,4.10722,3.5508,3.8027,3.86018,3.71666,4.14207,3.3278,3.13553,3.92191,2.76092,3.78187,2.39439,3.77249
pool1,279-2005,wildtype,1.72648,0.34877,256,4.15217,0.26789,261,3.56269,0.27514,264,1.62602,0.3859,260,3.10376,0.30449,263,3.59556,0.26252,266,2.65175,0.29036,262,2.00491,0.28274,261,2.48495,0.32864,274,3.55718,0.295,255,4.13629,0.26873,264,4.10827,0.29089,251,3.57143,0.28734,265,3.78841,0.26772,262,3.91977,0.26464,253,3.72239,0.25442,254,4.16991,0.28912,266,3.33928,0.33207,255,10.163,0.00955,1.72183,4.14781,3.5576,1.6197,3.09766,3.59089,2.64669,1.99881,2.48067,3.55269,4.13154,4.1041,3.5675,3.78436,3.91574,3.7182,4.16543,3.33605,3.14711,3.93391,2.77511,3.75987,2.38054,3.74386
pool1,As6526,wildtype,1.85059,0.3264,194,4.12568,0.29359,197,3.64176,0.30668,204,1.80965,0.36697,209,3.28632,0.30252,193,3.62023,0.28164,205,2.71018,0.29633,203,1.94045,0.33404,205,2.53514,0.33242,207,3.60091,0.29044,198,4.05213,0.2779,197,4.44898,0.31297,200,3.57048,0.31594,209,3.84363,0.3207,210,3.98273,0.29869,195,3.77667,0.24932,201,4.23997,0.2992,204,3.39197,0.29387,195,10.1864,0.03295,1.83456,4.11063,3.62419,1.78784,3.26528,3.60411,2.69272,1.91939,2.52037,3.58542,4.03575,4.43459,3.55694,3.82965,3.96883,3.76219,4.22451,3.38082,3.20601,4.03401,2.9054,3.79895,2.39526,3.80287
pool1,Yunnan2011,wildtype,1.60544,0.37527,313,4.03716,0.23078,316,3.57896,0.31853,329,1.19502,0.35456,307,3.12731,0.35189,325,3.52635,0.28208,330,2.5248,0.2882,332,1.89563,0.32794,321,2.27325,0.3048,337,3.54145,0.32941,307,3.98091,0.29304,315,4.37523,0.30968,301,3.43871,0.32743,322,3.7152,0.30171,321,3.88276,0.25811,320,3.73569,0.28143,322,4.09884,0.30187,327,3.2372,0.35363,319,10.1321,-0.02135,1.61582,4.04692,3.59034,1.20915,3.14094,3.53679,2.53611,1.90927,2.28282,3.55149,3.99153,4.38456,3.44748,3.72426,3.89177,3.74507,4.10886,3.24443,3.07385,3.96587,2.61622,3.67889,2.23123,3.69057
pool1,Rs4237,wildtype,1.77597,0.37949,276,4.0843,0.28336,268,3.58907,0.30585,273,1.56087,0.36647,270,3.24241,0.32097,275,3.58394,0.27479,278,2.62842,0.29765,274,1.89314,0.33218,267,2.4727,0.32646,282,3.57959,0.31836,258,4.08551,0.28426,268,4.44491,0.30305,255,3.52729,0.32923,266,3.79506,0.27776,273,3.95716,0.27207,266,3.74562,0.30998,266,4.20143,0.30449,280,3.36264,0.29584,263,10.2021,0.04865,1.75231,4.06208,3.56313,1.52867,3.21135,3.56014,2.60263,1.86205,2.4509,3.55671,4.06132,4.42367,3.50729,3.77441,3.93664,3.72423,4.1786,3.34617,3.14978,4.03667,2.79574,3.75983,2.33142,3.7699
pool1,Rs4081,wildtype,1.7267,0.35435,259,4.05787,0.26507,248,3.55149,0.28608,251,1.53956,0.37569,254,3.12817,0.34034,264,3.5449,0.27091,257,2.56895,0.31257,268,1.88209,0.35311,263,2.29729,0.33419,267,3.52246,0.31034,241,4.02282,0.29623,241,4.40173,0.2844,231,3.4747,0.3461,263,3.75071,0.2703,251,3.88481,0.26272,244,3.70575,0.32823,252,4.14292,0.27375,259,3.28655,0.33959,251,10.1184,-0.03505,1.74375,4.07389,3.57018,1.56276,3.15055,3.56204,2.58753,1.9045,2.31299,3.53894,4.04025,4.41704,3.4891,3.76558,3.89959,3.72116,4.15937,3.29842,3.11202,3.98234,2.73754,3.7034,2.24945,3.71174
pool1,Rp3,wildtype,1.72917,0.35041,389,4.04166,0.23497,389,3.54157,0.28102,382,1.40667,0.33318,393,3.20493,0.31585,390,3.60085,0.24642,395,2.50652,0.27961,407,2.06477,0.31527,396,2.42614,0.30029,405,3.55946,0.31808,381,3.96501,0.2797,380,4.40945,0.31032,380,3.48443,0.30866,397,3.79522,0.27402,400,3.99023,0.26234,385,3.72186,0.27836,390,4.17714,0.27746,396,3.3494,0.30845,384,10.189,0.03555,1.71187,4.02542,3.52262,1.38314,3.18224,3.58347,2.48767,2.04205,2.41021,3.54275,3.94734,4.39392,3.46982,3.78013,3.97524,3.70623,4.16045,3.33737,3.10413,3.97798,2.73748,3.75663,2.33248,3.74947
